                  epoch,         train/box_loss,         train/cls_loss,         train/dfl_loss,   metrics/precision(B),      metrics/recall(B),       metrics/mAP50(B),    metrics/mAP50-95(B),           val/box_loss,           val/cls_loss,           val/dfl_loss,                 lr/pg0,                 lr/pg1,                 lr/pg2
                      1,                 2.5743,                  3.288,                 3.5959,                 0.2105,                0.83714,                0.32703,                0.27751,                0.96437,                  2.739,                 1.9856,             0.00041457,             0.00041457,             0.00041457
                      2,                 1.1786,                 2.0366,                 1.9158,                0.32983,                   0.59,                 0.4113,                0.37453,                0.59198,                  2.171,                 1.0611,             0.00079009,             0.00079009,             0.00079009
                      3,                0.54857,                 1.3565,                 1.2429,                0.40665,                 0.8754,                0.63012,                0.62169,                0.35882,                 1.2586,                0.50634,              0.0011244,              0.0011244,              0.0011244
                      4,                0.39675,                 1.0645,                 1.0787,                0.66584,                0.90166,                0.79442,                0.79116,                0.24713,                0.87793,                0.41442,              0.0010644,              0.0010644,              0.0010644
